Urls,URL_Category_2
https://www.pristyncare.com/bhusawal/treatment/zsr-circumcision/,/zsr-circumcision/
https://www.pristyncare.com/hi/treatment/piles/pregnancy/,/piles/
https://www.pristyncare.com/hi/raebareli/treatment/pain-during-intercourse/,/pain-during-intercourse/
https://www.pristyncare.com/sahaspur%20dehradun/treatment/piles/,/piles/
https://www.pristyncare.com/cost/delhi/hernia/,/hernia/
https://www.pristyncare.com/gurgaon/doctor/iui/,/iui/
https://www.pristyncare.com/vadgaon-budruk/treatment/eswl/,/eswl/
https://www.pristyncare.com/saswad/treatment/knee-replacement/,/knee-replacement/
https://www.pristyncare.com/shirur/treatment/earlobe-repair/,/earlobe-repair/
https://www.pristyncare.com/puttaparthi/treatment/hysterectomy/,/hysterectomy/
https://www.pristyncare.com/hi/mira-bhayandar/treatment/fistula/,/fistula/
https://www.pristyncare.com/mohali/cost/varicocele/,/varicocele/
https://www.pristyncare.com/hi/patiala/treatment/av-fistula/,/av-fistula/
https://www.pristyncare.com/secunderabad/treatment/hymenoplasty/,/hymenoplasty/
https://www.pristyncare.com/treatment/sinusitis/ethmoidectomy/,/sinusitis/
https://www.pristyncare.com/kn/treatment/fess/,/fess/
https://www.pristyncare.com/hi/vijayawada/cost/eswl/,/eswl/
https://www.pristyncare.com/mr/chinchwad/treatment/miscarriage/,/miscarriage/
https://www.pristyncare.com/thane/,Others
https://www.pristyncare.com/chapra/cost/diabetic-retinopathy/,/diabetic-retinopathy/
https://www.pristyncare.com/vellore/surgery/fess/,/fess/
https://www.pristyncare.com/guwahati/cost/fistula/,/fistula/
https://www.pristyncare.com/karimnagar/cost/retinal-detachment/,/retinal-detachment/
https://www.pristyncare.com/rae-bareli/cost/varicose-veins/,/varicose-veins/
https://www.pristyncare.com/palwal/cost/squint/,/squint/
https://www.pristyncare.com/dindigul/cost/breast-lump/,/breast-lump/
https://www.pristyncare.com/latur/treatment/spine-surgery//,/spine-surgery/
https://www.pristyncare.com/sivaganagai/treatment/varicose-veins/,/varicose-veins/
https://www.pristyncare.com/delhi/treatment/preconception-care/,/preconception-care/
https://www.pristyncare.com/hi/treatment/adenoidectomy/,/adenoidectomy/
https://www.pristyncare.com/muzaffarpur/treatment/shoulder-dislocation/,/shoulder-dislocation/
https://www.pristyncare.com/mr/thane/treatment/hydrocele/,/hydrocele/
https://www.pristyncare.com/thiruvananthapuram/clinic/fissure/,/fissure/
https://www.pristyncare.com/mahmudnagar/treatment/gynecomastia/,/gynecomastia/
https://www.pristyncare.com/delhi/cost/tympanoplasty/,/tympanoplasty/
https://www.pristyncare.com/tirupur/cost/fess/,/fess/
https://www.pristyncare.com/nayagaon/treatment/frenuloplasty/,/frenuloplasty/
https://www.pristyncare.com/faridabad/treatment/rirs/,/rirs/
https://www.pristyncare.com/loni/treatment/ovarian-cyst/,/ovarian-cyst/
https://www.pristyncare.com/hi/patna/treatment/pain-during-intercourse/,/pain-during-intercourse/
https://www.pristyncare.com/phulwari-sharif/company/doctors/,Others
https://www.pristyncare.com/hadapsar/cost/fissure/,/fissure/
https://www.pristyncare.com/pune/treatment/tummy-tuck/,/tummy-tuck/
https://www.pristyncare.com/hi/diamond-harbour/treatment/spine-surgery/,/spine-surgery/
https://www.pristyncare.com/bookAppointment/GYNAECOLOGY/Kozhikode/,Others
https://www.pristyncare.com/mumbai/cost/myringotomy/,/myringotomy/
https://www.pristyncare.com/hi/ghaziabad/cost/ovarian-cyst/,/ovarian-cyst/
https://www.pristyncare.com/parwanoo/treatment/av-fistula/,/av-fistula/
https://www.pristyncare.com/delhi/doctor/cataract/,/cataract/
https://www.pristyncare.com/gurgaon/clinic/gallstone/,/gallstone/
https://www.pristyncare.com/kallakurichi/treatment/zsr-circumcision/,/zsr-circumcision/
https://www.pristyncare.com/hi/pune/treatment/piles/,/piles/
https://www.pristyncare.com/megapolis-pune/treatment/lipoma/,/lipoma/
https://www.pristyncare.com/nagothane/treatment/gallstone/,/gallstone/
https://www.pristyncare.com/hi/vijayawada/cost/circumcision/,/circumcision/
https://www.pristyncare.com/tadepalligudem/treatment/rotator-cuff-repair/,/rotator-cuff-repair/
https://www.pristyncare.com/hi/kanpur/treatment/piles/,/piles/
https://www.pristyncare.com/hi/jamwa-ramgarh/treatment/av-fistula/,/av-fistula/
https://www.pristyncare.com/anand/treatment/liposuction/,/liposuction/
https://www.pristyncare.com/ballia/treatment/carpal-tunnel-syndrome/,/carpal-tunnel-syndrome/
https://www.pristyncare.com/lavasa/treatment/abortion/,/abortion/
https://www.pristyncare.com/chilakaluripet/treatment/endometriosis/,/endometriosis/
https://www.pristyncare.com/panipat/treatment/pilonidal-sinus/,/pilonidal-sinus/
https://www.pristyncare.com/darbhanga/treatment/ursl/,/ursl/
https://www.pristyncare.com/hi/sanganer/treatment/av-fistula/,/av-fistula/
https://www.pristyncare.com/hi/surat/treatment/laser-vaginal-tightening/,/laser-vaginal-tightening/
https://www.pristyncare.com/kanpur/cost/fissure/,/fissure/
https://www.pristyncare.com/ganjam/treatment/hysterectomy/,/hysterectomy/
https://www.pristyncare.com/purnia/treatment/hip-replacement/,/hip-replacement/
https://www.pristyncare.com/visakhapatnam/cost/femto-lasik-surgery/,/femto-lasik-surgery/
https://www.pristyncare.com/dhanbad/treatment/laser-vaginal-rejuvenation/,/laser-vaginal-rejuvenation/
https://www.pristyncare.com/hubli-dharwad/treatment/teeth-aligners/,/teeth-aligners/
https://www.pristyncare.com/hi/tiruvottiyur/treatment/retinal-detachment/,/retinal-detachment/
https://www.pristyncare.com/hi/chinsurah/treatment/knee-replacement/,/knee-replacement/
https://www.pristyncare.com/mettupalayam/treatment/spine-surgery/,/spine-surgery/
https://www.pristyncare.com/solapur/treatment/balanitis/,/balanitis/
https://www.pristyncare.com/rishikesh/treatment/kidney-stones/,/kidney-stones/
https://www.pristyncare.com/baramati/treatment/femto-lasik-surgery/,/femto-lasik-surgery/
https://www.pristyncare.com/palwal/treatment/derma-fillers/,/derma-fillers/
https://www.pristyncare.com/ichapuram/treatment/hip-replacement/,/hip-replacement/
https://www.pristyncare.com/vagamon/treatment/fistula/,/fistula/
https://www.pristyncare.com/panaji/treatment/teeth-braces/,Others
https://www.pristyncare.com/bhosari/cost/ectopic-pregnancy/,/ectopic-pregnancy/
https://www.pristyncare.com/jhansi/treatment/uninary-tract-infection/,/uninary-tract-infection/
https://www.pristyncare.com/te/vijayawada/treatment/pcos-pcod/,/pcos-pcod/
https://www.pristyncare.com/ganjam/treatment/rirs/,/rirs/
https://www.pristyncare.com/bn/krishnanagar/treatment/piles/,/piles/
https://www.pristyncare.com/hi/faridabad/cost/ectopic-pregnancy/,/ectopic-pregnancy/
https://www.pristyncare.com/barasat/treatment/diabetic-retinopathy/,/diabetic-retinopathy/
https://www.pristyncare.com/guwahati/cost/fissure/,/fissure/
https://www.pristyncare.com/thiruvananthapuram/clinic/fistula/,/fistula/
https://www.pristyncare.com/nadiad/treatment/mtp/,/mtp/
https://www.pristyncare.com/solapur/treatment/varicocele/,/varicocele/
https://www.pristyncare.com/varanasi/treatment/gallstone/,/gallstone/
https://www.pristyncare.com/chandrapur/treatment/varicocele/,/varicocele/
https://www.pristyncare.com/hosur/cost/lipoma/,/lipoma/
https://www.pristyncare.com/bhatpara/treatment/hymenoplasty/,/hymenoplasty/
https://www.pristyncare.com/hi/patna/treatment/circumcision/,/circumcision/
https://www.pristyncare.com/gurgaon/doctor/pilonidal-sinus/,/pilonidal-sinus/
https://www.pristyncare.com/hi/delhi/surgery/stapedectomy/,/stapedectomy/
https://www.pristyncare.com/dive-agar/treatment/ivf/,/ivf/
https://www.pristyncare.com/hi/dhar/cost/glaucoma/,/glaucoma/
https://www.pristyncare.com/bagalkot/c/gynaecology/,/gynaecology/
https://www.pristyncare.com/uluberia/cost/cataract/,/cataract/
https://www.pristyncare.com/hyderabad/cost/myringoplasty/,/myringoplasty/
https://www.pristyncare.com/delhi/treatment/menstrual-disorders/,/menstrual-disorders/
https://www.pristyncare.com/dindigul/surgery/tympanoplasty/,/tympanoplasty/
https://www.pristyncare.com/tiruvottiyur/cost/ivf/,/ivf/
https://www.pristyncare.com/hi/jaipur/c/urology/,/urology/
https://www.pristyncare.com/pune/clinic/carpal-tunnel-syndrome/,/carpal-tunnel-syndrome/
https://www.pristyncare.com/greater-noida/treatment/gallstone/,/gallstone/
https://www.pristyncare.com/khanna/treatment/rectal-prolapse/,/rectal-prolapse/
https://www.pristyncare.com/ujjain/treatment/eswl/,/eswl/
https://www.pristyncare.com/cost/teeth-straightening/,/teeth-straightening/
https://www.pristyncare.com/machilipatnam/surgery/tonsillectomy/,/tonsillectomy/
https://www.pristyncare.com/sivakasi/treatment/smile-lasik-surgery/,/smile-lasik-surgery/
https://www.pristyncare.com/tezpur/treatment/varicose-veins/,/varicose-veins/
https://www.pristyncare.com/hi/pune/treatment/hernia/,/hernia/
https://www.pristyncare.com/hi/daund/treatment/abortion/,/abortion/
https://www.pristyncare.com/bahraich/treatment/pcnl/,/pcnl/
https://www.pristyncare.com/mr/satara/treatment/gallstone/,/gallstone/
https://www.pristyncare.com/araku/treatment/piles/,/piles/
https://www.pristyncare.com/meerut/clinic/breast-lump/,/breast-lump/
https://www.pristyncare.com/hi/vijayawada/cost/prostate-enlargement/,/prostate-enlargement/
https://www.pristyncare.com/pataudi/treatment/egg-freezing/,/egg-freezing/
https://www.pristyncare.com/nanded/surgery/tympanoplasty/,/tympanoplasty/
https://www.pristyncare.com/manjri/cost/molar-pregnancy/,/molar-pregnancy/
https://www.pristyncare.com/hi/dhule/treatment/tympanoplasty/,/tympanoplasty/
https://www.pristyncare.com/ml/kozhikode/treatment/lasik-eye-surgery/,/lasik-eye-surgery/
https://www.pristyncare.com/vadodara/treatment/zsr-circumcision/,/zsr-circumcision/
https://www.pristyncare.com/nuh/treatment/hydrocele/,/hydrocele/
https://www.pristyncare.com/vasai-virar/cost/hair-transplant/,/hair-transplant/
https://www.pristyncare.com/guntur/treatment/spine-surgery/,/spine-surgery/
https://www.pristyncare.com/hi/delhi/cost/breast-lump/,/breast-lump/
https://www.pristyncare.com/bangaon/treatment/hip-replacement/,/hip-replacement/
https://www.pristyncare.com/bandha-chhada/treatment/lasik-eye-surgery/,/lasik-eye-surgery/
https://www.pristyncare.com/chinsurah/surgery/tympanoplasty/,/tympanoplasty/
https://www.pristyncare.com/hi/moradabad/treatment/vaginoplasty/,/vaginoplasty/
https://www.pristyncare.com/navi-mumbai/cost/tonsillectomy/,/tonsillectomy/
https://www.pristyncare.com/raipur/doctor/appendicitis/,/appendicitis/
https://www.pristyncare.com/hi/chinhat/treatment/glaucoma/,/glaucoma/
https://www.pristyncare.com/bhugaon/treatment/face-threadlift/,Others
https://www.pristyncare.com/amaravati/treatment/balanitis/,/balanitis/
https://www.pristyncare.com/anakapalle/treatment/shoulder-dislocation/,/shoulder-dislocation/
https://www.pristyncare.com/rishikesh/treatment/pcos-pcod/,/pcos-pcod/
https://www.pristyncare.com/hapur/treatment/axillary-breast/,/axillary-breast/
https://www.pristyncare.com/hi/thanjavur/treatment/tympanoplasty/,/tympanoplasty/
https://www.pristyncare.com/bandipur/treatment/hysterectomy/,/hysterectomy/
https://www.pristyncare.com/te/warangal/treatment/hydrocele/,/hydrocele/
https://www.pristyncare.com/hi/ghaziabad/treatment/vaginal-wart/,/vaginal-wart/
https://www.pristyncare.com/kakinada/treatment/male-infertility/,/male-infertility/
https://www.pristyncare.com/lucknow/treatment/carpal-tunnel-syndrome/,/carpal-tunnel-syndrome/
https://www.pristyncare.com/mr/thane/treatment/kidney-stones/,/kidney-stones/
https://www.pristyncare.com/ranebennur/treatment/iui/,/iui/
https://www.pristyncare.com/ta/avadi/treatment/icl-surgery/,/icl-surgery/
https://www.pristyncare.com/gurholi/treatment/av-fistula//,/av-fistula/
https://www.pristyncare.com/te/guntur/treatment/gallstone/,/gallstone/
https://www.pristyncare.com/navsari/cost/uterine-fibroid/,/uterine-fibroid/
https://www.pristyncare.com/raebareli/cost/hysterectomy/,/hysterectomy/
https://www.pristyncare.com/mira-bhayandar/treatment/breast-reduction/,/breast-reduction/
https://www.pristyncare.com/dehradun/treatment/adenomyosis/,/adenomyosis/
https://www.pristyncare.com/hi/mysore/cost/frenuloplasty/,/frenuloplasty/
https://www.pristyncare.com/bookAppointment/GYNAECOLOGY/Ahmedabad/,Others
https://www.pristyncare.com/maheshtala/treatment/abortion/,/abortion/
https://www.pristyncare.com/jamshedpur/treatment/piles/,/piles/
https://www.pristyncare.com/vagamon/treatment/fissure/,/fissure/
https://www.pristyncare.com/dharmavaram/treatment/hair-transplant/,/hair-transplant/
https://www.pristyncare.com/tirupur/treatment/icl-surgery/,/icl-surgery/
https://www.pristyncare.com/khanna/treatment/phaco-surgery/,/phaco-surgery/
https://www.pristyncare.com/ropar/treatment/kidney-stones/,/kidney-stones/
https://www.pristyncare.com/gangavathi/treatment/phimosis/,/phimosis/
https://www.pristyncare.com/hi/gurgaon/treatment/labiaplasty/,/labiaplasty/
https://www.pristyncare.com/ml/cost/kidney-stones/,/kidney-stones/
https://www.pristyncare.com/ambernath/cost/breast-lift/,/breast-lift/
https://www.pristyncare.com/muzaffarpur/treatment/hip-replacement/,/hip-replacement/
https://www.pristyncare.com/karnal/treatment/laser-vaginal-tightening/,/laser-vaginal-tightening/
https://www.pristyncare.com/hindupur/treatment/ovarian-cyst/,/ovarian-cyst/
https://www.pristyncare.com/mr/thane/treatment/ivf/,/ivf/
https://www.pristyncare.com/haripad/cost/varicose-veins/,/varicose-veins/
https://www.pristyncare.com/ambattur/treatment/kidney-stones/,/kidney-stones/
https://www.pristyncare.com/hi/chennai/treatment/miscarriage/,/miscarriage/
https://www.pristyncare.com/chinsurah/treatment/piles/,/piles/
https://www.pristyncare.com/hi/nabadwip/treatment/deep-vein-thrombosis/,/deep-vein-thrombosis/
https://www.pristyncare.com/hazaribagh/treatment/gynecomastia/,/gynecomastia/
https://www.pristyncare.com/mahabalipuram/treatment/varicose-veins/,/varicose-veins/
https://www.pristyncare.com/trichy/treatment/varicose-veins/,/varicose-veins/
https://www.pristyncare.com/hi/jhajjar/treatment/prk-lasik-surgery/,/prk-lasik-surgery/
https://www.pristyncare.com/palwal/cost/miscarriage/,/miscarriage/
https://www.pristyncare.com/thane/cost/miscarriage/,/miscarriage/
https://www.pristyncare.com/yemmiganur/treatment/shoulder-dislocation/,/shoulder-dislocation/
https://www.pristyncare.com/ta/kochi/treatment/pilonidal-sinus/,/pilonidal-sinus/
https://www.pristyncare.com/bobbili/treatment/hip-replacement/,/hip-replacement/
https://www.pristyncare.com/vijayanagaram/cost/glaucoma/,/glaucoma/
https://www.pristyncare.com/gorakhpur/treatment/kidney-stones/,/kidney-stones/
https://www.pristyncare.com/north-dumdum/surgery/tympanoplasty/,/tympanoplasty/
https://www.pristyncare.com/mathura/treatment/fistula/,/fistula/
https://www.pristyncare.com/jhajjar/treatment/spine-surgery/,/spine-surgery/
https://www.pristyncare.com/tenali/treatment/diabetic-retinopathy/,/diabetic-retinopathy/
https://www.pristyncare.com/karjat/treatment/diabetic-foot-ulcers/,/diabetic-foot-ulcers/
